,City,Cloudiness,Country,Date,Humidity,Latitude,Longitude,Max Temp,Wind Speed
0,bredasdorp,62,ZA,1612651857,73,-34.5322,20.0403,69.8,6.91
1,cherskiy,0,RU,1612651711,80,68.75,161.3,-7.2,4.83
2,benguela,72,AO,1612652002,83,-12.5763,13.4055,73.24,4.27
3,port macquarie,55,AU,1612652125,79,-31.4333,152.9167,81.0,1.99
4,busselton,100,AU,1612651684,97,-33.65,115.3333,57.99,3.0
5,sistranda,20,NO,1612652125,80,63.7256,8.834,23.0,11.5
6,punta arenas,75,CL,1612651804,51,-53.15,-70.9167,57.2,24.16
7,saskylakh,88,RU,1612651892,79,71.9167,114.0833,-37.77,6.93
8,albany,20,US,1612651631,40,42.6001,-73.9662,30.2,13.8
9,hailar,11,CN,1612652024,86,49.2,119.7,-15.48,3.85
10,chuy,0,UY,1612651693,72,-33.6971,-53.4616,69.42,9.84
11,hilo,1,US,1612651864,44,19.7297,-155.09,80.6,6.91
12,dingle,86,PH,1612651855,91,10.9995,122.6711,75.6,8.19
13,clyde river,1,CA,1612652126,84,70.4692,-68.5914,-13.0,2.3
14,rikitea,100,PF,1612652126,69,-23.1203,-134.9692,78.44,10.42
15,port elizabeth,40,ZA,1612651994,83,-33.918,25.5701,68.0,9.22
16,barrow,75,US,1612651582,77,71.2906,-156.7887,-5.8,10.36
17,puck,75,PL,1612652126,85,54.7179,18.4084,21.0,8.05
18,texarkana,90,US,1612651837,93,33.4251,-94.0477,48.2,10.36
19,lubbock,1,US,1612651868,13,33.6001,-101.8338,60.01,13.8
20,ostrovnoy,100,RU,1612651717,91,68.0531,39.5131,9.01,9.15
21,cayenne,90,GF,1612651864,100,4.9333,-52.3333,77.0,3.44
22,pisco,75,PE,1612651812,73,-13.7,-76.2167,75.2,5.75
23,qaanaaq,99,GL,1612651881,86,77.484,-69.3632,9.77,6.98
24,hualmay,86,PE,1612652024,74,-11.0964,-77.6139,72.28,8.86
25,mar del plata,20,AR,1612652003,68,-38.0023,-57.5575,66.2,12.66
26,vaini,75,TO,1612651866,89,-21.2,-175.2,82.4,6.91
27,el retorno,97,CO,1612652127,92,2.3302,-72.6276,76.87,2.64
28,jamestown,1,US,1612651685,45,42.097,-79.2353,21.2,10.36
29,hambantota,97,LK,1612651705,84,6.1241,81.1185,76.62,16.04
30,geraldton,75,AU,1612651864,88,-28.7667,114.6,68.0,23.02
31,hermanus,80,ZA,1612651790,90,-34.4187,19.2345,68.0,4.32
32,ushuaia,40,AR,1612651620,71,-54.8,-68.3,53.6,19.57
33,haimen,40,CN,1612652128,88,23.1935,116.6142,60.8,6.71
34,yellowknife,1,CA,1612651682,61,62.456,-114.3525,-34.01,4.61
35,narsaq,24,GL,1612651799,77,60.9167,-46.05,19.51,2.57
36,chokurdakh,26,RU,1612652129,86,70.6333,147.9167,-24.43,3.69
37,saldanha,1,ZA,1612651791,82,-33.0117,17.9442,66.2,8.05
38,westport,1,US,1612651908,49,41.1415,-73.3579,42.8,13.8
39,abashiri,100,JP,1612652129,80,44.0213,144.2697,19.0,5.99
40,te anau,5,NZ,1612651810,48,-45.4167,167.7167,69.8,2.46
41,tall kayf,0,TR,1612652129,52,37.0833,41.0667,47.19,6.82
42,provideniya,31,RU,1612651877,89,64.3833,-173.3,1.49,3.94
43,shache,92,CN,1612651676,82,38.4167,77.2406,28.15,1.61
44,gazanjyk,100,TM,1612652129,83,39.2446,55.5154,46.67,9.4
45,saint-philippe,40,RE,1612651583,83,-21.3585,55.7679,78.8,4.61
46,lebu,65,CL,1612651703,86,-37.6167,-73.65,60.76,3.11
47,souillac,40,MU,1612651849,78,-20.5167,57.5167,78.8,4.61
48,iquique,0,CL,1612651982,46,-20.2208,-70.1431,75.2,17.27
49,bindi,69,SL,1612652130,17,9.9167,-11.45,79.43,2.15
50,ann arbor,1,US,1612652018,67,42.2776,-83.7409,17.6,13.8
51,nimaparha,0,IN,1612652130,88,20.0667,86.0167,64.4,1.14
52,bluff,3,NZ,1612651795,69,-46.6,168.3333,61.5,2.8
53,the valley,40,AI,1612652131,78,18.217,-63.0578,78.8,11.5
54,maniitsoq,0,GL,1612652005,79,65.4167,-52.9,28.85,21.81
55,kardla,100,EE,1612652131,94,58.9978,22.7492,21.07,5.41
56,el dorado,17,US,1612652131,49,38.7666,-120.5177,62.01,4.16
57,sucua,75,EC,1612652131,83,-2.4667,-78.1667,69.8,5.75
58,ilulissat,8,GL,1612651722,39,69.2167,-51.1,24.8,21.85
59,bomet,51,KE,1612652132,74,-0.7813,35.3416,56.46,2.95
60,mataura,0,NZ,1612651790,53,-46.1927,168.8643,73.74,2.39
61,saint george,1,US,1612651727,21,37.1041,-113.5841,62.01,5.75
62,kavaratti,5,IN,1612651873,60,10.5669,72.642,81.16,10.42
63,zhigansk,96,RU,1612651876,80,66.7697,123.3711,-39.51,12.21
64,okhotsk,24,RU,1612651890,86,59.3833,143.3,-1.7,16.42
65,new norfolk,68,AU,1612651991,61,-42.7826,147.0587,64.0,1.99
66,port alfred,48,ZA,1612651991,90,-33.5906,26.891,68.0,5.99
67,nizhniy kuranakh,94,RU,1612652134,81,58.8353,125.4869,-24.29,1.66
68,hobart,75,AU,1612651751,59,-42.8794,147.3294,64.0,12.66
69,severo-kurilsk,100,RU,1612651879,93,50.6789,156.125,21.97,14.05
70,atuona,97,PF,1612651848,77,-9.8,-139.0333,80.33,22.08
71,cabo san lucas,1,MX,1612652017,60,22.8909,-109.9124,78.8,11.5
72,victoria,0,HK,1612651559,64,22.2855,114.1577,64.99,6.15
73,ahipara,94,NZ,1612651909,57,-35.1667,173.1667,71.94,4.52
74,madimba,40,TZ,1612652134,94,-10.4,40.3333,78.8,9.22
75,puerto ayora,0,EC,1612651988,62,-0.7393,-90.3518,86.0,16.11
76,marilia,7,BR,1612651955,74,-22.2139,-49.9458,69.03,2.68
77,rio grande,0,BR,1612651880,83,-32.035,-52.0986,73.99,6.06
78,poya,6,NC,1612651848,70,-21.35,165.15,82.76,1.43
79,carnarvon,40,AU,1612651858,100,-24.8667,113.6333,78.8,12.66
80,leningradskiy,0,RU,1612651791,74,69.3833,178.4167,-10.84,6.38
81,furano,75,JP,1612652135,86,43.2818,142.4743,17.6,2.3
82,labuhan,41,ID,1612652004,87,-6.8844,112.2051,77.63,7.83
83,sinnamary,100,GF,1612651877,86,5.3833,-52.95,77.72,13.53
84,lagoa,100,PT,1612651715,89,39.05,-27.9833,60.21,26.17
85,thompson,75,CA,1612651863,62,55.7435,-97.8558,-25.6,14.97
86,marsa matruh,0,EG,1612652136,82,31.3525,27.2453,53.6,5.75
87,ust-omchug,96,RU,1612652027,86,61.15,149.6333,-10.48,5.68
88,bani walid,98,LY,1612652136,25,31.7566,13.9942,67.21,12.39
89,klaksvik,75,FO,1612651869,60,62.2266,-6.589,33.8,21.85
90,lata,27,PT,1612651794,81,40.1629,-8.3327,48.99,3.0
91,tessalit,75,ML,1612652136,18,20.1986,1.0114,72.63,14.5
92,linxia,100,CN,1612652136,71,35.6003,103.2064,28.15,0.81
93,klyuchi,75,RU,1612652137,91,52.2667,79.1667,30.06,23.31
94,ribeira grande,97,PT,1612651990,85,38.5167,-28.7,61.07,21.97
95,solnechnyy,100,RU,1612651898,89,50.7214,136.6319,-4.36,4.07
96,lavrentiya,0,RU,1612651893,79,65.5833,-171.0,-7.49,2.71
97,gat,1,IL,1612651753,100,31.61,34.7642,57.0,2.1
98,college,90,US,1612651577,77,64.8569,-147.8028,-6.0,0.04
99,airai,87,TL,1612651705,99,-8.9266,125.4092,64.26,2.64
100,goulburn,0,AU,1612652137,63,-34.75,149.7167,71.01,10.22
101,conde,20,BR,1612652001,78,-7.2597,-34.9075,80.6,5.75
102,bandarbeyla,21,SO,1612652005,80,9.4942,50.8122,75.2,12.35
103,kodiak,20,US,1612651857,60,57.79,-152.4072,37.4,3.44
104,vila velha,20,BR,1612652018,78,-20.3297,-40.2925,80.6,3.44
105,upernavik,95,GL,1612651852,77,72.7868,-56.1549,19.63,3.09
106,borivka,31,UA,1612652138,72,50.4564,29.546,12.99,6.71
107,hithadhoo,51,MV,1612651866,75,-0.6,73.0833,81.66,12.37
108,cape town,20,ZA,1612651877,83,-33.9258,18.4232,72.0,9.22
109,alexandria,0,EG,1612652138,88,31.2156,29.9553,55.4,3.44
110,avarua,67,CK,1612651708,74,-21.2078,-159.775,84.2,11.5
111,butaritari,100,KI,1612651849,80,3.0707,172.7902,81.3,20.31
112,port lincoln,87,AU,1612651720,69,-34.7333,135.8667,61.68,11.23
113,ciudad bolivar,100,VE,1612652138,51,8.1222,-63.5497,85.21,15.61
114,wageningen,75,NL,1612652138,100,51.9667,5.6667,30.99,21.85
115,eyl,12,SO,1612652139,81,7.9803,49.8164,74.52,11.01
116,tonantins,68,BR,1612652139,93,-2.8731,-67.8022,77.25,1.9
117,katsuura,0,JP,1612651808,65,35.1333,140.3,44.6,3.44
118,loksa,0,EE,1612652139,92,59.5764,25.7214,8.6,5.75
119,calama,0,CL,1612652022,25,-22.4667,-68.9333,75.2,31.07
120,ornes,75,NO,1612652140,86,66.8689,13.7078,26.01,3.44
121,coruripe,83,BR,1612652140,77,-10.1256,-36.1756,79.3,16.71
122,naze,75,JP,1612651733,77,28.3667,129.4833,62.6,3.44
123,laguna,1,US,1612651885,48,38.421,-121.4238,66.0,4.61
124,siavonga,98,ZM,1612652022,86,-16.5382,28.7088,74.62,4.74
125,vangaindrano,97,MG,1612652140,89,-23.35,47.6,77.02,5.61
126,deloraine,27,AU,1612652140,65,-41.5333,146.6667,66.99,1.01
127,faanui,2,PF,1612651858,67,-16.4833,-151.75,82.24,10.04
128,liku,100,ID,1612652140,74,-0.7275,119.8922,76.48,2.04
129,vetluga,100,RU,1612652141,91,57.8557,45.781,-5.44,9.15
130,nishihara,20,JP,1612651900,72,26.1842,127.7558,68.0,6.53
131,deputatskiy,1,RU,1612651708,84,69.3,139.9,-34.71,1.57
132,henties bay,40,NA,1612652129,89,-22.116,14.2845,64.99,1.99
133,nome,90,US,1612651885,86,64.5011,-165.4064,17.6,6.91
134,awjilah,0,LY,1612652141,39,29.1081,21.2869,60.1,9.26
135,nuuk,20,GL,1612652141,46,64.1835,-51.7216,28.4,14.97
136,lorengau,100,PG,1612651890,83,-2.0226,147.2712,80.47,2.98
137,barrhead,75,GB,1612652141,87,55.7992,-4.3929,37.4,16.11
138,russell,90,US,1612652142,87,32.3502,-85.1999,42.8,6.91
139,nyrob,100,RU,1612652142,92,60.733,56.7202,0.03,6.67
140,majene,100,ID,1612652142,82,-3.5403,118.9707,78.48,2.51
141,namibe,21,AO,1612652008,78,-15.1961,12.1522,71.15,7.83
142,edea,40,CM,1612652142,100,3.8,10.1333,80.6,2.3
143,aksarka,97,RU,1612652142,82,66.5606,67.7975,-35.3,20.11
144,fort nelson,1,CA,1612651897,69,58.8053,-122.7002,-16.6,3.44
145,samarai,67,PG,1612651711,72,-10.6167,150.6667,84.63,6.89
146,la asuncion,100,VE,1612652072,76,11.0333,-63.8628,76.8,16.24
147,portadown,75,GB,1612652143,81,54.4241,-6.4412,39.2,17.27
148,hamilton,1,US,1612651886,30,39.1834,-84.5333,39.2,3.0
149,longyearbyen,75,SJ,1612651857,73,78.2186,15.6401,19.4,8.05
150,izyaslav,98,UA,1612652143,87,50.1195,26.8213,17.98,7.47
151,taoudenni,46,ML,1612652143,29,22.6783,-3.9836,63.18,9.37
152,turtas,100,RU,1612652143,93,58.9417,69.1325,33.69,10.96
153,sao joao da barra,100,BR,1612652124,95,-21.6403,-41.0511,72.23,13.15
154,kapaa,20,US,1612651848,49,22.0752,-159.319,73.4,6.91
155,kenai,90,US,1612651997,86,60.5544,-151.2583,18.0,9.22
156,springdale,90,US,1612652006,100,36.1867,-94.1288,39.99,2.57
157,torbay,90,CA,1612651879,100,47.6666,-52.7314,41.0,21.85
158,cap-aux-meules,42,CA,1612651862,80,47.3821,-61.8597,32.0,28.77
159,beira,40,MZ,1612652144,94,-19.8436,34.8389,82.4,2.3
160,anito,84,PH,1612652144,89,12.4497,125.2886,78.44,11.3
161,harper,6,LR,1612651880,88,4.375,-7.7169,79.47,7.9
162,magadan,99,RU,1612651881,87,59.5667,150.8,8.89,11.05
163,olinda,20,BR,1612651873,69,-8.0089,-34.8553,80.6,5.75
164,elko,1,US,1612652144,24,41.0002,-115.5012,51.8,14.97
165,camargo,0,MX,1612652145,20,27.6667,-105.1667,69.93,12.71
166,farah,73,AF,1612652003,46,32.5,62.5,46.49,1.23
167,nikolskoye,20,RU,1612651858,78,59.7035,30.7861,8.6,11.18
168,asfi,55,MA,1612651663,70,32.2994,-9.2372,56.48,8.55
169,mbanza-ngungu,90,CD,1612652145,96,-5.25,14.8667,69.55,2.66
170,chapais,90,CA,1612652134,85,49.7834,-74.8492,14.0,6.91
171,makasar,20,ID,1612652146,100,-5.14,119.4221,71.6,2.3
172,san patricio,1,US,1612651998,41,28.017,-97.5169,75.2,9.22
173,eureka,0,US,1612651671,73,40.8021,-124.1637,57.0,8.99
174,cidreira,24,BR,1612651595,74,-30.1811,-50.2056,70.66,4.5
175,nizwa,0,OM,1612652147,66,22.9333,57.5333,51.3,2.19
176,chicama,90,PE,1612652147,88,-7.8447,-79.1469,69.8,9.22
177,vao,0,NC,1612651899,83,-22.6667,167.4833,77.4,4.47
178,baker city,64,US,1612652147,64,44.7749,-117.8344,39.0,7.76
179,mount airy,1,US,1612651991,27,36.4993,-80.6073,50.0,6.91
180,porec,90,HR,1612652147,100,45.2258,13.5939,53.01,1.14
181,tazovskiy,70,RU,1612652147,86,67.4667,78.7,-25.62,10.36
182,castro,0,BR,1612651703,76,-24.7911,-50.0119,62.92,8.99
183,norman wells,75,CA,1612652011,75,65.282,-126.8329,-29.2,4.61
184,lompoc,1,US,1612651897,42,34.6391,-120.4579,68.0,13.8
185,roald,90,NO,1612651849,68,62.5833,6.1333,24.8,6.91
186,salalah,75,OM,1612651851,73,17.0151,54.0924,73.4,8.05
187,kununurra,100,AU,1612651613,94,-15.7667,128.7333,80.6,5.75
188,ketchikan,75,US,1612651675,93,55.3422,-131.6461,39.2,8.05
189,takaka,87,NZ,1612652148,71,-40.85,172.8,68.0,5.01
190,oranjemund,31,NA,1612652109,90,-28.55,16.4333,65.57,13.42
191,kruisfontein,18,ZA,1612652009,82,-34.0033,24.7314,66.99,1.99
192,athabasca,99,CA,1612652119,64,54.7169,-113.2854,-13.0,2.3
193,mwanza,75,TZ,1612652148,83,-2.5167,32.9,69.8,6.4
194,coquimbo,0,CL,1612651867,68,-29.9533,-71.3436,64.4,13.8
195,grindavik,0,IS,1612651685,69,63.8424,-22.4338,33.8,18.41
196,seoul,90,KR,1612651735,100,37.5683,126.9778,35.6,6.91
197,vanavara,100,RU,1612652149,95,60.34,102.2797,9.34,9.95
198,zhuhai,0,CN,1612652149,94,22.2769,113.5678,66.0,3.44
199,rimouski,81,CA,1612651866,68,48.4488,-68.524,26.6,28.77
200,bethel,1,US,1612651895,28,41.3712,-73.414,42.8,11.5
201,qandala,18,SO,1612652149,78,11.472,49.8728,74.35,2.77
202,carballo,84,ES,1612651901,93,43.213,-8.691,39.99,1.7
203,riviera beach,75,US,1612652149,94,26.7753,-80.0581,75.2,13.8
204,santiago del estero,0,AR,1612651988,40,-27.7951,-64.2615,81.82,5.44
205,jagdalpur,73,IN,1612652084,43,19.0667,82.0333,54.01,3.09
206,miraflores,1,MX,1612652150,18,19.2167,-98.8083,78.8,17.27
207,north bend,75,US,1612652150,76,43.4065,-124.2243,50.0,4.61
208,yarkovo,100,RU,1612652150,99,57.4028,67.0786,31.5,11.14
209,margate,100,GB,1612651878,87,51.3813,1.3862,39.0,7.0
210,touros,40,BR,1612651697,78,-5.1989,-35.4608,78.8,4.61
211,saint-louis,0,SN,1612651852,49,16.3333,-15.0,71.6,2.3
212,comodoro rivadavia,75,AR,1612651904,76,-45.8667,-67.5,55.4,17.27
213,hasaki,0,JP,1612651888,70,35.7333,140.8333,39.2,3.44
214,nova cruz,40,BR,1612652151,78,-6.4781,-35.4339,80.6,5.75
215,ituiutaba,9,BR,1612652151,71,-18.9689,-49.465,74.08,6.33
216,selaphum,14,TH,1612652151,82,16.0299,103.9383,62.6,3.44
217,georgetown,20,MY,1612651988,83,5.4112,100.3354,78.8,7.05
218,bambous virieux,40,MU,1612651794,78,-20.3428,57.7575,78.8,4.61
219,tasiilaq,75,GL,1612651865,55,65.6145,-37.6368,35.6,29.93
220,huarmey,76,PE,1612652030,72,-10.0681,-78.1522,72.75,10.65
221,constantine,75,DZ,1612652001,41,36.365,6.6147,60.8,28.77
222,koulamoutou,42,GA,1612652152,92,-1.1303,12.4736,72.9,2.35
223,isangel,20,VU,1612651714,74,-19.55,169.2667,84.2,5.75
224,broken hill,35,AU,1612652152,72,-31.95,141.4333,62.6,18.41
225,motril,13,ES,1612652152,74,36.7507,-3.5179,53.01,5.01
226,svetlyy,0,RU,1612652152,85,54.675,20.1347,1.4,2.24
227,vagur,100,FO,1612651698,77,61.4732,-6.8119,37.22,23.0
228,zhangjiakou,0,CN,1612652152,82,40.81,114.8794,16.68,6.53
229,fairbanks,90,US,1612651802,77,64.8378,-147.7164,-5.01,0.27
230,luderitz,0,NA,1612651809,57,-26.6481,15.1594,70.3,21.43
231,clarence town,3,AU,1612652152,73,-32.5833,151.7833,78.01,11.5
232,nanortalik,17,GL,1612651864,82,60.1432,-45.2371,22.44,8.43
233,namwala,79,ZM,1612652153,97,-15.7504,26.4384,66.4,2.48
234,iskateley,95,RU,1612651857,85,67.6803,53.1512,-27.31,11.83
235,takanabe,20,JP,1612652153,76,32.1333,131.5,48.2,17.27
236,tiksi,100,RU,1612651689,84,71.6872,128.8694,-24.63,4.68
237,odienne,94,CI,1612652153,23,9.51,-7.5692,80.46,3.36
238,sacadat,90,RO,1612652153,93,47.0333,22.15,39.2,5.75
239,dunedin,1,NZ,1612651810,82,-45.8742,170.5036,57.99,21.0
240,shadrinsk,100,RU,1612652153,96,56.0852,63.6335,17.83,18.9
241,yar-sale,100,RU,1612652153,85,66.8333,70.8333,-30.03,14.79
242,soyo,100,AO,1612652154,86,-6.1349,12.3689,80.2,8.37
243,bois-guillaume,90,FR,1612652154,100,49.4602,1.1222,46.0,5.75
244,alofi,100,NU,1612651853,79,-19.0595,-169.9187,84.2,11.5
245,dikson,89,RU,1612651801,86,73.5069,80.5464,-28.75,9.57
246,pevek,38,RU,1612651864,88,69.7008,170.3133,-5.75,5.23
247,general roca,0,AR,1612652154,35,-39.0333,-67.5833,89.6,2.3
248,akdepe,0,TM,1612652154,93,42.0551,59.3788,35.6,9.22
249,prince rupert,90,CA,1612652154,93,54.3161,-130.3201,39.2,6.49
250,lazaro cardenas,0,MX,1612652030,62,17.9583,-102.2,80.47,6.44
251,yeniseysk,100,RU,1612652155,98,58.4497,92.1703,25.02,6.76
252,arraial do cabo,100,BR,1612651986,74,-22.9661,-42.0278,73.81,5.64
253,bairiki,75,KI,1612652155,83,1.3292,172.9752,80.6,10.36
254,getulio vargas,0,UY,1612652155,65,-32.6796,-53.5494,71.67,5.23
255,kidal,29,ML,1612651898,18,18.4411,1.4078,72.19,10.71
256,tuktoyaktuk,90,CA,1612651848,83,69.4541,-133.0374,-16.6,24.16
257,zhezkazgan,69,KZ,1612652125,95,47.8043,67.7144,18.27,18.48
258,pacific grove,1,US,1612652040,67,36.6177,-121.9166,69.01,7.72
259,pyaozerskiy,38,RU,1612652156,93,65.8333,31.1667,14.59,12.53
260,zagan,100,PL,1612652156,67,51.6176,15.3149,24.01,17.0
261,taltal,22,CL,1612652012,66,-25.4,-70.4833,67.46,6.15
262,iqaluit,90,CA,1612651865,80,63.7506,-68.5145,26.6,21.85
263,madridejos,60,ES,1612652157,94,39.4682,-3.532,46.0,1.99
264,hofn,99,IS,1612651723,88,64.2539,-15.2082,34.03,18.34
265,wanning,8,CN,1612652157,88,18.8003,110.3967,66.2,3.38
266,remiremont,100,FR,1612652157,93,48.0175,6.5882,48.2,16.11
267,kosh-agach,6,RU,1612652157,87,50.0,88.6667,-2.4,1.36
268,kotaparh,86,IN,1612652157,46,19.15,82.35,55.81,3.83
269,bolobo,84,CD,1612652157,83,-2.1667,16.2333,74.57,1.01
270,porterville,1,US,1612652157,48,36.0652,-119.0168,66.0,8.05
271,shimoda,0,JP,1612652007,55,34.6667,138.95,51.46,12.41
272,praia,75,CV,1612652158,64,14.9215,-23.5087,68.0,23.02
273,mirnyy,98,RU,1612652158,88,62.5353,113.9611,-20.81,2.82
274,dwarka,0,IN,1612652031,47,22.2394,68.9678,68.41,13.53
275,nova venecia,100,BR,1612652158,74,-18.7106,-40.4006,78.17,3.27
276,tocopilla,14,CL,1612651913,60,-22.092,-70.1979,71.46,6.17
277,verkh-suetka,46,RU,1612652158,93,53.3,80.05,27.66,18.5
278,batouri,6,CM,1612652158,37,4.4333,14.3667,71.69,2.42
279,khatanga,0,RU,1612651868,78,71.9667,102.5,-35.93,7.94
280,vardo,100,NO,1612651710,95,70.3705,31.1107,27.25,27.98
281,inhambane,81,MZ,1612652002,87,-23.865,35.3833,77.13,7.27
282,puerto leguizamo,90,CO,1612652159,79,-0.1934,-74.7819,79.97,2.15
283,paamiut,0,GL,1612652023,79,61.994,-49.6678,24.04,6.26
284,dudinka,0,RU,1612652159,81,69.4058,86.1778,-33.25,9.69
285,san jose de guanipa,100,VE,1612652159,50,8.8872,-64.1651,82.9,10.71
286,krasnoselkup,99,RU,1612652028,90,65.7,82.4667,-8.61,13.42
287,belaya gora,30,RU,1612652159,83,68.5333,146.4167,-33.81,0.63
288,dipolog,94,PH,1612652159,87,8.5894,123.3414,78.13,11.14
289,dzhebariki-khaya,100,RU,1612651864,85,62.2167,135.8,-24.59,1.79
290,nelson bay,7,AU,1612652160,73,-32.7167,152.15,78.01,11.5
291,dongkan,0,CN,1612652160,78,33.9997,119.8308,43.52,5.01
292,jinxiang,96,CN,1612652160,84,27.4327,120.6062,57.13,2.19
293,kavieng,53,PG,1612652160,68,-2.5744,150.7967,83.57,2.33
294,mwingi,70,KE,1612652160,64,-0.9344,38.0601,70.88,2.66
295,kloulklubed,90,PW,1612651724,94,7.0419,134.2556,78.8,10.36
296,mount isa,75,AU,1612652002,100,-20.7333,139.5,75.2,6.91
297,surt,36,LY,1612652160,35,31.2089,16.5887,66.85,14.63
298,svencionys,21,LT,1612652161,94,55.15,26.1667,-0.69,4.23
299,sur,0,OM,1612652162,64,22.5667,59.5289,62.67,6.44
300,aksu,44,CN,1612651989,80,41.1231,80.2644,27.36,3.24
301,axim,31,GH,1612651883,89,4.8699,-2.2405,79.7,8.34
302,tigil,100,RU,1612651944,91,57.8,158.6667,18.1,27.87
303,manadhoo,7,MV,1612652162,74,5.7667,73.3833,81.28,8.59
304,sioux lookout,90,CA,1612652004,64,50.1001,-91.917,-11.2,13.8
305,emet,0,TR,1612652163,58,39.343,29.2585,45.84,5.7
306,boa vista,20,BR,1612652163,58,2.8197,-60.6733,86.0,5.75
307,mishelevka,82,RU,1612652163,89,52.8575,103.1719,2.75,4.12
308,nuevo ideal,0,MX,1612652163,16,24.8875,-105.0728,72.84,8.86
309,atambua,91,ID,1612652138,87,-9.1061,124.8925,76.14,1.48
310,uzventis,90,LT,1612652163,85,55.7803,22.6547,10.4,3.0
311,camapua,29,BR,1612652163,71,-19.5314,-54.0439,72.9,6.38
312,fowa,70,NG,1612652163,16,8.9167,6.4,83.35,6.13
313,yulara,0,AU,1612651689,33,-25.2406,130.9889,75.2,10.36
314,bubaque,73,GW,1612651869,54,11.2833,-15.8333,80.46,17.69
315,marienburg,3,PL,1612652164,81,54.0359,19.0266,12.0,4.0
316,svetlogorsk,31,BY,1612652164,93,52.6333,29.7333,1.38,5.3
317,marawi,100,PH,1612651860,90,7.9986,124.2928,72.0,7.0
318,bentiu,17,SS,1612652164,26,9.2333,29.8333,64.85,6.64
319,soto la marina,8,MX,1612652133,70,23.7667,-98.2167,79.0,11.01
320,meulaboh,84,ID,1612652013,92,4.1363,96.1285,75.81,6.06
321,zolotukhino,63,RU,1612652164,91,52.0842,36.3772,-4.38,8.81
322,quito,75,EC,1612652108,60,-0.2299,-78.5249,69.8,14.97
323,inuvik,100,CA,1612652165,76,68.3499,-133.7218,-20.2,4.61
324,acarau,42,BR,1612651717,81,-2.8856,-40.12,78.82,12.03
325,avera,90,US,1612651871,93,33.194,-82.5271,44.6,4.61
326,necochea,0,AR,1612651879,73,-38.5473,-58.7368,64.99,3.0
327,yenagoa,0,NG,1612652165,86,4.9247,6.2642,79.84,4.43
328,sehithwa,100,BW,1612652165,91,-20.4667,22.7167,70.02,3.74
329,berlevag,100,NO,1612651898,93,70.8578,29.0864,26.55,25.55
330,havre-saint-pierre,90,CA,1612652165,100,50.2334,-63.5986,28.4,16.11
331,hvide sande,9,DK,1612652166,84,56.0045,8.1294,21.99,3.0
332,nakamura,0,JP,1612652166,82,32.9833,132.9333,45.28,3.69
333,cockburn town,40,TC,1612652103,73,21.4612,-71.1419,78.8,17.27
334,padang,20,ID,1612651889,94,-0.9492,100.3543,71.6,2.3
335,vanimo,97,PG,1612652141,86,-2.6741,141.3028,79.34,5.77
336,manado,40,ID,1612652167,100,1.487,124.8455,75.2,2.3
337,shunyi,0,CN,1612651944,47,40.125,116.6453,36.0,6.71
338,turukhansk,100,RU,1612651990,92,65.8167,87.9833,-2.6,14.43
339,kathmandu,20,NP,1612652014,93,27.7167,85.3167,37.4,3.44
340,villefranche-de-rouergue,75,FR,1612652167,93,44.3333,2.0,50.0,11.5
341,izumo,75,JP,1612652167,81,35.3667,132.7667,50.0,3.44
342,mponela,98,MW,1612652168,92,-13.5319,33.7401,63.01,3.65
343,houma,90,US,1612652168,88,29.5958,-90.7195,57.2,8.05
344,tateyama,0,JP,1612652149,65,34.9833,139.8667,44.6,3.44
345,macenta,95,GN,1612652168,53,8.5435,-9.471,75.65,0.94
346,pucallpa,40,PE,1612652168,62,-8.3791,-74.5539,86.0,2.3
347,sierre,20,CH,1612652168,70,46.2919,7.5356,46.99,2.3
348,mayumba,100,GA,1612652168,81,-3.432,10.6554,79.75,1.9
349,caravelas,100,BR,1612652013,88,-17.7125,-39.2481,77.5,9.15
350,junin,0,AR,1612652169,71,-34.5838,-60.9433,75.99,3.29
351,ramapuram,60,IN,1612652169,84,13.1167,79.2,61.74,3.27
352,billings,90,US,1612651920,85,45.7833,-108.5007,8.01,5.75
353,bathsheba,20,BB,1612651688,69,13.2167,-59.5167,78.8,18.41
354,kiunga,98,PG,1612651877,87,-6.1219,141.2906,79.38,2.51
355,vila franca do campo,75,PT,1612652022,94,37.7167,-25.4333,60.01,16.11
356,yakeshi,11,CN,1612652170,87,49.2833,120.7333,-22.25,3.51
357,mabai,54,CN,1612652171,100,23.0128,104.4508,49.64,2.37
358,preston,100,GB,1612652031,91,53.7667,-2.7167,37.0,15.01
359,ampanihy,0,MG,1612651867,90,-24.7,44.75,74.79,4.09
360,tiznit,33,MA,1612652171,83,29.5833,-9.5,48.81,14.74
361,east london,6,ZA,1612651699,88,-33.0153,27.9116,74.59,7.27
362,tambura,8,SS,1612652135,25,5.6,27.4667,67.1,5.59
363,iraquara,65,BR,1612651927,75,-12.2486,-41.6194,72.12,1.43
364,rincon,90,US,1612652171,87,32.296,-81.2354,50.0,8.05
365,mangan,5,IN,1612652172,52,27.5167,88.5333,45.34,7.99
366,ancud,0,CL,1612651850,46,-41.8697,-73.8203,73.4,8.05
367,kudahuvadhoo,32,MV,1612651721,77,2.6708,72.8944,81.01,13.4
368,pangnirtung,74,CA,1612651888,80,66.1451,-65.7125,23.54,3.49
369,novikovo,97,RU,1612652172,90,51.1537,37.8879,4.26,10.6
370,qasigiannguit,2,GL,1612652172,39,68.8193,-51.1922,24.8,21.85
371,bowen,40,AU,1612652172,89,-20.0167,148.2333,78.8,6.08
372,ust-kuyga,97,RU,1612651878,83,70.0167,135.6,-28.3,3.4
373,tura,81,IN,1612651810,60,25.5198,90.2201,56.52,2.84
374,issoire,90,FR,1612652173,81,45.55,3.25,48.2,11.5
375,moron,0,AR,1612652173,40,-34.6534,-58.6198,87.01,5.01
376,tecoanapa,14,MX,1612651989,60,16.5167,-98.75,82.94,9.8
377,killybegs,25,IE,1612652173,89,54.6333,-8.45,39.0,5.01
378,wau,61,SS,1612652173,25,7.7029,27.9953,65.12,6.87
379,mount gambier,90,AU,1612651731,82,-37.8333,140.7667,57.2,9.22
380,hinatuan,100,PH,1612652173,90,8.3722,126.3342,76.39,2.19
381,port keats,76,AU,1612652173,78,-14.25,129.55,82.99,10.54
382,chapleau,75,CA,1612652174,67,47.8405,-83.4034,10.4,8.05
383,veraval,0,IN,1612652174,31,20.9,70.3667,68.09,13.65
384,kemise,62,ET,1612652174,79,10.7167,39.8667,60.15,3.15
385,taksimo,81,RU,1612652174,77,56.3444,114.8794,-15.23,0.51
386,mpika,100,ZM,1612652174,96,-11.8343,31.4529,63.86,4.12
387,baymak,77,RU,1612652174,89,52.5933,58.3225,-0.31,21.72
388,opuwo,89,NA,1612652174,43,-18.0607,13.84,74.23,4.23
389,araguacu,100,BR,1612652047,94,-12.9306,-49.8264,73.72,6.15
390,pontianak,40,ID,1612652174,88,-0.0333,109.3333,77.0,3.44
391,kyaikto,0,MM,1612651932,68,17.3,97.0167,71.33,4.79
392,mahebourg,40,MU,1612651877,78,-20.4081,57.7,78.8,4.61
393,qui nhon,90,VN,1612652175,90,13.7667,109.2333,69.15,7.54
394,hun,11,LY,1612652175,29,29.1268,15.9477,62.69,6.31
395,odweyne,0,SO,1612652175,49,9.4092,45.064,65.89,7.96
396,upornaya,100,RU,1612652175,91,44.3914,41.0196,35.01,2.13
397,sibolga,74,ID,1612651890,76,1.7427,98.7792,75.79,3.71
398,gizo,100,SB,1612651886,70,-8.103,156.8419,84.49,7.76
399,charlestown,7,AU,1612652175,73,-32.95,151.6667,77.0,11.5
400,asau,100,RO,1612651850,73,46.4333,26.4,28.0,3.49
401,paramonga,64,PE,1612652176,75,-10.6667,-77.8333,71.94,7.83
402,fernley,0,US,1612652176,29,39.608,-119.2518,57.99,1.99
403,kyabram,0,AU,1612652176,63,-36.3167,145.05,68.0,13.31
404,micheweni,53,TZ,1612652176,80,-4.9667,39.8333,79.59,6.82
405,husavik,75,IS,1612651863,64,66.0449,-17.3389,33.8,8.05
406,bara,54,NG,1612652176,22,10.3744,10.7288,72.09,8.25
407,kaitangata,1,NZ,1612651865,64,-46.2817,169.8464,65.39,6.31
408,constanta,90,RO,1612652176,100,44.1833,28.65,35.6,11.5
409,orcopampa,83,PE,1612652177,63,-15.2661,-72.3417,52.47,9.06
410,simbahan,100,PH,1612652177,80,6.3032,120.5836,81.68,17.18
411,yarega,100,RU,1612652177,86,63.4354,53.5765,-21.51,12.17
412,dharchula,0,IN,1612652177,43,29.85,80.5333,44.87,11.59
413,ballina,3,AU,1612652027,73,-28.8667,153.5667,78.8,2.3
414,jijiga,25,ET,1612652177,61,9.35,42.8,59.04,8.37
415,tairua,93,NZ,1612652177,63,-37.0167,175.85,69.01,4.0
416,kokopo,98,PG,1612652130,76,-4.352,152.2633,81.09,5.08
417,halifax,3,CA,1612652070,75,44.6453,-63.5724,35.6,10.36
418,hella,75,NO,1612652178,86,67.2,14.4333,26.01,3.44
419,petropavlovka,92,RU,1612652178,83,50.6114,105.3196,-2.92,4.32
420,blind river,90,CA,1612652178,86,46.1834,-82.9582,19.4,13.8
421,storforshei,34,NO,1612652178,84,66.4043,14.5233,14.0,2.98
422,verkhoyansk,100,RU,1612652178,84,67.5447,133.385,-23.64,1.19
423,monrovia,40,LR,1612651885,94,6.3005,-10.7969,77.0,10.27
424,bud,100,US,1612652179,59,39.447,-86.1758,26.01,4.59
425,oussouye,0,SN,1612651995,83,12.485,-16.5469,69.8,4.61
426,manga,48,BF,1612652179,20,11.6636,-1.0731,80.2,4.97
427,kahului,20,US,1612651862,53,20.8947,-156.47,75.2,11.5
428,tuscaloosa,90,US,1612652179,93,33.2098,-87.5692,42.8,11.5
429,beyneu,91,KZ,1612651888,86,45.3167,55.2,30.22,8.19
430,umm lajj,0,SA,1612652179,44,25.0213,37.2685,69.94,13.89
431,los llanos de aridane,0,ES,1612652021,63,28.6585,-17.9182,60.8,6.91
432,ayolas,0,PY,1612652180,62,-27.4,-56.9,71.51,5.44
433,portland,90,US,1612651901,87,45.5234,-122.6762,46.4,19.57
434,paita,0,PE,1612652115,58,-5.0892,-81.1144,84.2,10.36
435,varhaug,0,NO,1612652180,78,58.6147,5.6457,16.0,2.3
436,nisia floresta,40,BR,1612651988,78,-6.0911,-35.2086,80.6,5.75
437,maputo,40,MZ,1612651933,78,-25.9653,32.5892,79.0,2.3
438,esperance,90,AU,1612651855,94,-33.8667,121.9,59.0,11.5
439,alcaniz,79,ES,1612652180,87,41.05,-0.1333,46.99,11.99
440,obihiro,75,JP,1612652181,93,42.9172,143.2044,17.6,3.44
441,mackay,100,AU,1612652091,83,-21.15,149.2,82.0,5.75
442,sao jose da coroa grande,57,BR,1612652182,81,-8.8978,-35.1478,79.05,11.25
443,nagato,75,JP,1612652182,93,34.3833,131.2,48.2,3.44
444,savinka,91,RU,1612652182,89,50.0785,47.0994,18.01,13.29
445,umba,59,RU,1612652182,95,66.6871,34.3429,18.84,10.27
446,tacuarembo,0,UY,1612651946,53,-31.7333,-55.9833,71.26,3.6
447,sabha,40,LY,1612652182,28,27.0377,14.4283,61.75,11.48
448,port hardy,75,CA,1612651821,75,50.6996,-127.4199,44.6,12.66
449,kargopol,97,RU,1612652183,93,61.5071,38.9456,0.32,5.82
450,nueva loja,90,EC,1612652183,89,0.0847,-76.8828,78.8,6.91
451,rosario,0,AR,1612652183,39,-32.9468,-60.6393,86.0,4.61
452,riohacha,100,CO,1612652069,54,11.5444,-72.9072,81.77,14.74
453,yarmouth,1,US,1612652183,56,41.7057,-70.2286,39.99,17.27
454,vitry-le-francois,90,FR,1612652183,100,48.7333,4.5833,48.2,4.61
455,colimes,75,EC,1612651897,74,-1.55,-80.0167,82.4,5.75
456,tuatapere,1,NZ,1612652184,50,-46.1333,167.6833,70.03,1.92
457,ponta do sol,13,PT,1612651992,66,32.6667,-17.1,55.0,6.35
458,manzhouli,1,CN,1612652184,88,49.6,117.4333,-11.18,7.72
459,newport,48,GB,1612652184,92,51.5877,-2.9984,41.0,15.48
460,codajas,100,BR,1612651989,92,-3.8367,-62.0569,77.09,0.72
461,perigueux,90,FR,1612652185,100,45.1833,0.7167,46.4,13.8
462,mecca,0,SA,1612652027,59,21.4267,39.8261,65.26,6.06
463,ballia,0,IN,1612651896,71,25.7557,84.1503,49.71,3.2
464,kontagora,100,NG,1612652185,18,10.3999,5.4695,77.76,5.64
465,buala,95,SB,1612652006,77,-8.145,159.5921,82.31,9.95
466,nouakchott,88,MR,1612652185,32,18.0858,-15.9785,68.0,8.05
467,praia da vitoria,40,PT,1612652185,82,38.7333,-27.0667,60.8,13.56
468,zabid,6,YE,1612652185,75,14.1951,43.3152,72.12,6.6
469,troitsko-pechorsk,100,RU,1612652185,89,62.7084,56.1964,-13.67,12.1
470,belmonte,40,BR,1612652186,78,-15.8631,-38.8828,78.8,11.5
471,gambela,49,ET,1612652186,21,8.25,34.5833,76.26,1.32
472,tatarka,90,RU,1612652186,93,44.9589,41.9517,26.6,8.95
473,mahuva,0,IN,1612652186,33,21.0914,71.7622,65.53,14.36
474,havre,90,FR,1612652186,93,49.5833,0.3333,44.01,18.41
475,matara,99,LK,1612652156,89,5.9485,80.5353,73.9,6.6
476,ibra,0,OM,1612652186,80,22.6906,58.5334,49.64,1.36
477,ekhabi,100,RU,1612652186,93,53.5102,142.9671,-0.63,8.21
478,shumskiy,100,RU,1612652186,91,54.8318,99.1328,15.04,4.68
479,amahai,99,ID,1612652187,81,-3.3333,128.9167,86.0,3.67
480,chibuto,100,MZ,1612652187,91,-24.6867,33.5306,72.66,2.8
481,santa clara,20,CU,1612652187,54,22.4,-79.9667,86.0,10.36
482,qazvin,90,IR,1612652187,100,36.2797,50.0049,41.0,3.11
483,acajutla,20,SV,1612651834,42,13.5928,-89.8275,87.8,2.3
484,bezenchuk,2,RU,1612652187,91,52.982,49.4333,0.0,11.81
485,shasta lake,1,US,1612652187,15,40.6804,-122.3708,73.4,5.75
486,ertil,80,RU,1612652188,91,51.8406,40.8056,-3.55,8.86
487,glenwood springs,90,US,1612652188,86,39.5505,-107.3248,35.01,19.57
488,evensk,97,RU,1612651833,87,61.95,159.2333,16.63,21.99
489,celestun,2,MX,1612652188,75,20.8667,-90.4,76.66,10.49
490,suoyarvi,100,RU,1612652026,95,62.0833,32.35,13.87,9.93
491,brigantine,1,US,1612652107,34,39.4101,-74.3646,46.4,11.5
492,wuwei,24,CN,1612652188,70,37.9281,102.6414,26.26,3.62
493,cap malheureux,10,MU,1612651991,84,-19.9842,57.6142,77.0,1.99
494,poum,0,NC,1612651826,68,-20.2333,164.0167,79.92,2.95
495,tabas,3,IR,1612652188,25,33.5959,56.9244,46.4,4.61
496,louga,0,RU,1612652011,93,58.7372,29.8453,1.99,6.58
497,viransehir,0,TR,1612652189,56,37.2353,39.7631,45.72,3.4
498,dicabisagan,63,PH,1612652189,88,17.0818,122.4157,75.38,2.98
499,puerto escondido,40,MX,1612652189,70,15.85,-97.0667,84.2,11.5
500,buraydah,75,SA,1612652008,100,26.326,43.975,50.0,5.75
501,kirkuk,100,IQ,1612652189,84,35.4681,44.3922,55.06,0.6
502,den helder,90,NL,1612652110,69,52.9599,4.7593,33.01,29.93
503,acapulco,1,MX,1612651764,62,16.8634,-99.8901,86.0,11.5
504,filingue,50,NE,1612652190,18,14.3521,3.3168,76.33,7.72
505,jizan,0,SA,1612652190,78,17.3333,42.6667,71.6,2.95
506,puerto maldonado,59,PE,1612652032,93,-12.6,-69.1833,77.76,1.63
507,mount pleasant,90,US,1612651967,81,32.7941,-79.8626,50.0,5.75
508,dalvik,75,IS,1612652190,64,65.9702,-18.5286,33.8,8.05
509,sohag,0,EG,1612652190,67,26.557,31.6948,57.2,6.91
510,hassleholm,27,SE,1612652190,79,56.1591,13.7664,16.0,5.75
511,inta,56,RU,1612652005,84,66.0317,60.1659,-26.54,15.14
512,plettenberg bay,13,ZA,1612652190,82,-34.0527,23.3716,66.72,7.63
513,hovd,0,MN,1612651862,91,48.0056,91.6419,6.91,1.21
514,hami,34,CN,1612652190,80,42.8,93.45,30.76,5.41
515,muros,36,ES,1612652000,94,42.7762,-9.0603,39.99,1.99
516,saint-joseph,40,RE,1612651868,83,-21.3667,55.6167,78.8,4.61
517,palmas,75,BR,1612651929,89,-10.2128,-48.3603,78.8,4.61
518,ihosy,100,MG,1612652191,85,-22.4,46.1167,70.99,2.64
519,atyrau,0,KZ,1612652191,79,47.1167,51.8833,17.6,6.71
520,rio gallegos,20,AR,1612652000,27,-51.6226,-69.2181,64.4,16.11
521,vila,66,PT,1612652020,88,42.0304,-8.1588,39.0,3.76
522,quatre cocos,40,MU,1612652013,78,-20.2078,57.7625,78.8,4.61
523,conakry,67,GN,1612652124,66,9.538,-13.6773,80.28,3.06
524,lasa,75,IT,1612652193,100,46.6166,10.7002,39.99,12.66
525,yumen,97,CN,1612652021,68,40.2833,97.2,26.91,1.5
526,belyy yar,61,RU,1612652006,92,53.6039,91.3903,6.8,2.24
527,griffith,90,US,1612652194,79,41.5284,-87.4237,12.99,9.22
528,luganville,2,VU,1612652195,65,-15.5333,167.1667,84.96,5.12
529,marsaxlokk,0,MT,1612652195,88,35.8419,14.5431,60.8,11.5
530,capoterra,0,IT,1612652195,72,39.1763,8.9718,63.0,14.97
531,lamar,90,US,1612652195,87,33.6668,-95.5836,43.0,9.22
532,port said,0,EG,1612651993,82,31.2565,32.2841,60.8,5.75
533,joshimath,0,IN,1612651861,45,30.5667,79.5667,40.57,13.49
534,coahuayana,1,MX,1612651902,57,18.7333,-103.6833,80.6,5.5
535,erzin,1,TR,1612651636,84,36.9559,36.2,55.99,7.0
536,nhamunda,19,BR,1612651990,84,-2.1861,-56.7131,79.18,3.13
537,brownsville,75,US,1612651769,64,25.9018,-97.4975,73.4,10.36
538,sotnikovo,100,RU,1612652196,77,51.8845,107.4791,-11.2,4.12
539,saurimo,100,AO,1612652196,97,-9.6608,20.3916,66.56,3.15
540,kunda,0,IN,1612652196,67,25.7167,81.5167,50.09,6.44
541,san cristobal,40,VE,1612652005,58,7.7669,-72.225,86.0,9.22
542,orlik,31,RU,1612651799,82,52.5178,99.825,-6.52,2.28
543,raga,2,SS,1612652197,29,8.4596,25.678,61.2,5.82
544,bambari,3,CF,1612652197,23,5.768,20.6757,72.59,3.87
545,nago,20,JP,1612652197,77,26.5881,127.9761,64.4,3.44
546,sarakhs,100,IR,1612652197,76,36.5449,61.1577,48.2,2.3
547,manta,40,EC,1612652090,78,-0.95,-80.7333,82.4,6.91
548,sitka,40,US,1612651856,69,57.0531,-135.33,35.6,14.97
549,hauterive,90,FR,1612652198,81,46.0901,3.4459,48.2,11.5
550,denpasar,20,ID,1612652198,94,-8.65,115.2167,77.0,1.14
551,nsanje,100,MW,1612652198,90,-16.92,35.262,76.21,1.23
552,olga,0,RU,1612652198,87,43.7444,135.2892,5.31,7.92
553,ximei,2,CN,1612652198,94,24.9639,118.3794,57.2,2.24
554,guerrero negro,0,MX,1612651805,39,27.9769,-114.0611,71.19,10.83
555,prescott,1,US,1612651947,14,34.54,-112.4685,59.0,6.91
556,saint-francois,0,FR,1612651888,100,46.4154,3.9054,46.99,2.3
557,berbera,16,SO,1612652199,76,10.4396,45.0143,73.94,3.94
558,natal,40,BR,1612651835,78,-5.795,-35.2094,80.6,5.75
559,vestmannaeyjar,34,IS,1612651727,72,63.4427,-20.2734,39.31,29.73
560,takoradi,0,GH,1612651896,88,4.8845,-1.7554,79.7,8.81
561,bengkulu,98,ID,1612651877,73,-3.8004,102.2655,76.64,3.89
562,payo,89,ID,1612652199,95,-3.7508,103.6372,71.91,2.59
563,codrington,100,AU,1612651855,69,-38.2667,141.9667,58.69,12.19
564,caucaia,20,BR,1612652122,78,-3.7361,-38.6531,81.0,10.36
